{
    "params": {
        "C": 1.0,
        "class_weight": null,
        "dual": false,
        "fit_intercept": true,
        "intercept_scaling": 1,
        "l1_ratio": null,
        "max_iter": 100,
        "multi_class": "auto",
        "n_jobs": null,
        "penalty": "l2",
        "random_state": null,
        "solver": "lbfgs",
        "tol": 0.0001,
        "verbose": 0,
        "warm_start": false
    },
    "coefficients": [
        [
            -6.788172997586704e-13,
            -2.719464551925051e-10,
            0.0,
            0.0,
            -3.201233804587532e-17,
            -1.6349258002375368e-13,
            -6.45155758142937e-13,
            -6.419950511685301e-13,
            -6.252548285009778e-13,
            -6.64005509051777e-13,
            -2.0686429249365235e-09,
            0.0,
            0.0,
            1.0176602814762997e-17,
            -1.582286505358794e-13,
            -6.416124379728596e-13,
            -6.412511673586283e-13,
            -6.245358691552376e-13
        ]
    ],
    "intercept": [
        -2.5341223422191855e-15
    ],
    "classes": [
        0.0,
        1.0
    ]
}